Gifs,gifs
Gifs,behindthegifs
Gifs,gif
Gifs,Cinemagraphs
Gifs,WastedGifs
Gifs,educationalgifs
Gifs,perfectloops
Gifs,highqualitygifs
Gifs,gifsound
Gifs,combinedgifs
Gifs,retiredgif
Gifs,michaelbaygifs
Gifs,gifrecipes
Gifs,mechanical_gifs
Gifs,bettereveryloop
Gifs,gifextra
Gifs,slygifs
Gifs,gifsthatkeepongiving
Gifs,wholesomegifs
Gifs,noisygifs
Gifs,brokengifs
Gifs,loadingicon
Gifs,splitdepthgifs
People,blackpeoplegifs
People,whitepeoplegifs
People,asianpeoplegifs
People,scriptedasiangifs
Reaction,reactiongifs
Reaction,shittyreactiongifs
Science,chemicalreactiongifs
Science,physicsgifs
Nature,babyelephantgifs
Nature,weathergifs
Images,pics
Images,PhotoshopBattles
Images,perfecttiming
Images,itookapicture
Images,Pareidolia
Images,ExpectationVSReality
Images,dogpictures
Images,misleadingthumbnails
Images,FifthWorldPics
Images,TheWayWeWere
Images,pic
Images,nocontextpics
Images,miniworlds
Images,foundpaper
Images,images
Interesting,mildlyinteresting
Interesting,interestingasfuck
Interesting,damnthatsinteresting
Interesting,beamazed
Interesting,reallifeshinies
Images/Gifs of Women (SFW),gentlemanboners
Images/Gifs of Women (SFW),prettygirls
Images/Gifs of Women (SFW),hardbodies
Images/Gifs of Women (SFW),girlsmirin
Images/Gifs of Women (SFW),thinspo
Images/Gifs of Women (SFW),goddesses
Images/Gifs of Women (SFW),shorthairedhotties
Images/Gifs of Women (SFW),fitandnatural
Images/Gifs of Women (SFW),wrestlewiththeplot
Images/Gifs of Women (SFW),skinnywithabs
Images/Gifs of Women (SFW),bois
Images/Gifs of Women (SFW),GentlemanBonersGifs
Asian,asiancuties
Asian,asiangirlsbeingcute
Photoshop,PhotoshopBattles
Photoshop,ColorizedHistory
Photoshop,reallifedoodles
Photoshop,HybridAnimals
Photoshop,colorization
Redditors/Selfies,amiugly
Redditors/Selfies,roastme
Redditors/Selfies,rateme
Redditors/Selfies,uglyduckling
Redditors/Selfies,prettygirlsuglyfaces
Wallpapers,wallpapers
Wallpapers,wallpaper
Wallpapers,Offensive_Wallpapers
Videos,videos
Videos,youtubehaiku
Videos,artisanvideos
Videos,DeepIntoYouTube
Videos,nottimanderic
Videos,praisethecameraman
Videos,killthecameraman
General,ShowerThoughts
General,DoesAnybodyElse
General,changemyview
General,crazyideas
General,howtonotgiveafuck
General,tipofmytongue
General,quotes
General,casualconversation
Advice,relationship_advice
Advice,raisedbynarcissists
Advice,legaladvice
Advice,bestoflegaladvice
Advice,advice
AMA,IAmA
AMA,ExplainlikeIAmA
AMA,AMA
AMA,casualiama
AMA,de_Iama
Games,whowouldwin
Games,wouldyourather
Games,scenesfromahat
Games,AskOuija
Question/Answer,whatisthisthing
Question/Answer,AskReddit
Question/Answer,answers
Question/Answer,NoStupidQuestions
Question/Answer,amiugly
Question/Answer,whatsthisbug
Question/Answer,samplesize
Question/Answer,tooafraidtoask
Question/Answer,whatsthisplant
Ask______,AskReddit
Ask______,ShittyAskScience
Ask______,TrueAskReddit
Ask______,AskScienceFiction
Ask______,AskOuija
Occupation,AskScience
Occupation,askhistorians
Occupation,askculinary
Occupation,AskSocialScience
Occupation,askengineers
Occupation,askphilosophy
Sex/Gender,askwomen
Sex/Gender,askmen
Sex/Gender,askgaybros
Sex/Gender,askredditafterdark
Sex/Gender,asktransgender
Stories,tifu
Stories,self
Stories,confession
Stories,fatpeoplestories
Stories,confessions
Customer Service,talesfromtechsupport
Customer Service,talesfromretail
Customer Service,techsupportmacgyver
Customer Service,idontworkherelady
Customer Service,TalesFromYourServer
Customer Service,KitchenConfidential
Customer Service,TalesFromThePizzaGuy
Customer Service,TalesFromTheFrontDesk
Customer Service,talesfromthecustomer
Customer Service,talesfromcallcenters
Customer Service,talesfromthesquadcar
Customer Service,talesfromthepharmacy
Customer Service,starbucks
Revenge,pettyrevenge
Revenge,prorevenge
Scary/Weird,nosleep
Scary/Weird,LetsNotMeet
Scary/Weird,Glitch_in_the_Matrix
Scary/Weird,shortscarystories
Scary/Weird,thetruthishere
Scary/Weird,UnresolvedMysteries
Scary/Weird,UnsolvedMysteries
Support,depression
Support,SuicideWatch
Support,Anxiety
Support,foreveralone
Support,offmychest
Support,socialanxiety
Support,trueoffmychest
Facts,todayilearned
Facts,wikipedia
Questions,OutOfTheLoop
Questions,IWantToLearn
Explain Like...,explainlikeimfive
Explain Like...,explainlikeIAmA
Explain Like...,ExplainLikeImCalvin
Anthropology,anthropology
Art,Art
Art,redditgetsdrawn
Art,heavymind
Art,drawing
Art,graffiti
Art,retrofuturism
Art,sketchdaily
Art,ArtPorn
Art,pixelart
Art,artfundamentals
Art,learnart
Art,specart
Art,breadstapledtotrees
Art,animation
Art,wimmelbilder
Art,illustration
Art,streetart
Painting,painting
Painting,minipainting
Computer Science/Engineering,gamedev
Computer Science/Engineering,engineering
Computer Science/Engineering,ubuntu
Computer Science/Engineering,cscareerquestions
Computer Science/Engineering,EngineeringStudents
Computer Science/Engineering,askengineers
Coding,learnprogramming
Coding,compsci
Coding,java
Coding,javascript
Coding,coding
Coding,machinelearning
Coding,howtohack
Coding,cpp
Coding,artificial
Python,python
Python,learnpython
Economics,Economics
Economics,business
Economics,entrepreneur
Economics,marketing
Economics,BasicIncome
Business,business
Business,smallbusiness
Stocks,stocks
Stocks,wallstreetbets
Stocks,stockmarket
Environment,environment
Environment,zerowaste
History,historynetwork
History,history
History,AskHistorians
History,ColorizedHistory
History,badhistory
History,100yearsago
Historical Images,HistoryPorn
Historical Images,PropagandaPosters
Historical Images,TheWayWeWere
Historical Images,historymemes
Historical Images,castles
Language,linguistics
Language,languagelearning
Language,learnjapanese
Language,french
Law,law
Math,math
Math,theydidthemath
Medicine,medicalschool
Psychology,psychology
Psychology,JordanPeterson
Science,Science
Science,AskScience
Science,cogsci
Science,medicine
Science,everythingscience
Science,geology
Astronomy,Space
Astronomy,SpacePorn
Astronomy,astronomy
Astronomy,astrophotography
Astronomy,spacex
Astronomy,nasa
Biology,biology
Biology,Awwducational
Chemistry,chemicalreactiongifs
Chemistry,chemistry
Physics,physics
General,entertainment
General,fantheories
General,Disney
General,obscuremedia
Anime/Manga,anime
Anime/Manga,manga
Anime/Manga,anime_irl
Anime/Manga,awwnime
Anime/Manga,TsundereSharks
Anime/Manga,animesuggest
Anime/Manga,animemes
Anime/Manga,animegifs
Anime/Manga,animewallpaper
Individual Anime/manga,pokemon
Individual Anime/manga,onepiece
Individual Anime/manga,naruto
Individual Anime/manga,dbz
Individual Anime/manga,onepunchman
Individual Anime/manga,ShingekiNoKyojin
Individual Anime/manga,yugioh
Individual Anime/manga,BokuNoHeroAcademia
Individual Anime/manga,DDLC
Individual Anime/manga,berserk
Individual Anime/manga,hunterxhunter
Individual Anime/manga,tokyoghoul
Books/Writing,Books
Books/Writing,WritingPrompts
Books/Writing,writing
Books/Writing,literature
Books/Writing,booksuggestions
Books/Writing,lifeofnorman
Books/Writing,poetry
Books/Writing,screenwriting
Books/Writing,freeEbooks
Books/Writing,boottoobig
Books/Writing,hfy
Books/Writing,suggestmeabook
Books/Writing,lovecraft
Comics,comics
Comics,comicbooks
Comics,polandball
Comics,marvel
Comics,webcomics
Comics,bertstrips
Comics,marvelstudios
Comics,defenders
Individual books/stories/comics,harrypotter
Individual books/stories/comics,batman
Individual books/stories/comics,calvinandhobbes
Individual books/stories/comics,explainlikeimcalvin
Individual books/stories/comics,xkcd
Individual books/stories/comics,DCComics
Individual books/stories/comics,arrow
Individual books/stories/comics,unexpectedhogwarts
Individual books/stories/comics,spiderman
Individual books/stories/comics,deadpool
Individual books/stories/comics,KingkillerChronicle
Game of Thrones,asoiaf
Game of Thrones,gameofthrones
Game of Thrones,freefolk
Lord of the Rings,lotr
Lord of the Rings,lotrmemes
Lord of the Rings,tolkeinfans
Celebrities,celebs
Celebrities,celebhub
Female,EmmaWatson
Female,jessicanigri
Female,kateupton
Female,alisonbrie
Female,EmilyRatajkowski
Female,jenniferlawrence
Female,alexandradaddario
Male,onetruegod
Male,joerogan
Male,keanubeingawesome
Male,crewscrew
Male,donaldglover
Male,elonmusk
Cosplay,cosplay
Cosplay,cosplaygirls
Games,lego
Games,boardgames
Games,rpg
Games,chess
Games,poker
Games,jrpg
Dungeons and Dragons,DnD
Dungeons and Dragons,DnDGreentext
Dungeons and Dragons,DnDBehindTheScreen
Dungeons and Dragons,dndnext
Dungeons and Dragons,dungeonsanddragons
Dungeons and Dragons,criticalrole
Dungeons and Dragons,DMAcademy
Magic,magicTCG
Magic,modernmagic
Genres,zombies
Genres,cyberpunk
Fantasy,fantasy
Sci-fi,scifi
Sci-fi,starwars
Sci-fi,startrek
Sci-fi,asksciencefiction
Sci-fi,prequelmemes
Sci-fi,empiredidnothingwrong
Sci-fi,SequelMemes
Sci-fi,sciencefiction
Internet/Apps,InternetIsBeautiful
Internet/Apps,facepalm
Internet/Apps,wikipedia
Internet/Apps,creepyPMs
Internet/Apps,web_design
Internet/Apps,google
Internet/Apps,KenM
Internet/Apps,bannedfromclubpenguin
Internet/Apps,savedyouaclick
Internet/Apps,bestofworldstar
Internet/Apps,discordapp
Internet/Apps,snaplenses
Internet/Apps,tronix
4chan,4chan
4chan,Classic4chan
4chan,greentext
Facebook,facepalm
Facebook,oldpeoplefacebook
Facebook,facebookwins
Facebook,indianpeoplefacebook
Facebook,terriblefacebookmemes
Facebook,insanepeoplefacebook
Internet Dating,Tinder
Internet Dating,OkCupid
Internet Politics,KotakuInAction
Internet Politics,wikileaks
Internet Politics,shitcosmosays
Live Streaming,twitch
Live Streaming,livestreamfail
Podcasts,serialpodcast
Podcasts,podcasts
Tumblr,tumblrinaction
Tumblr,tumblr
Twitter,blackpeopletwitter
Twitter,scottishpeopletwitter
Twitter,WhitePeopleTwitter
Twitter,wholesomebpt
Twitter,latinopeopletwitter
YouTube,YoutubeHaiku
YouTube,youtube
Individual YouTubers/Companies,gamegrumps
Individual YouTubers/Companies,h3h3productions
Individual YouTubers/Companies,CGPGrey
Individual YouTubers/Companies,yogscast
Individual YouTubers/Companies,jontron
Individual YouTubers/Companies,Idubbbz
Individual YouTubers/Companies,defranco
Individual YouTubers/Companies,cynicalbrit
Individual YouTubers/Companies,pewdiepiesubmissions
Individual YouTubers/Companies,pyrocynical
Individual YouTubers/Companies,SovietWomble
Individual YouTubers/Companies,RedLetterMedia
Individual YouTubers/Companies,videogamedunkey
Individual YouTubers/Companies,loltyler1
Movies,movies
Movies,documentaries
Movies,fullmoviesonyoutube
Movies,truefilm
Movies,bollywoodrealism
Movies,moviedetails
Movies,moviesinthemaking
Movies,fullmoviesonvimeo
Movies,continuityporn
Movies,ghibli
Movies,cinematography
Movies,shittymoviedetails
Individual Movies/Series,starwars
Individual Movies/Series,harrypotter
Individual Movies/Series,lotr
Individual Movies/Series,lotrmemes
Individual Movies/Series,otmemes
Comic movies,marvelstudios
Comic movies,batman
Comic movies,DC_Cinematic
Comic movies,thanosdidnothingwrong
Comic movies,intothesoulstone
Music,listentothis
Music,music
Music,listentothis
Music,WeAreTheMusicMakers
Music,mashups
Music,vinyl
Music,futurebeats
Music,musictheory
Music,guitarlessons
Music,spotify
Music,fakealbumcovers
Music,ableton
Artists,kanye
Artists,radiohead
Artists,KendrickLamar
Artists,gorillaz
Artists,frankocean
Artists,donaldglover
Artists,eminem
Artists,brockhampton
Artists,beatles
Artists,deathgrips
Artists,pinkfloyd
Genres,classicalmusic
Genres,jazz
Genres,trap
Genres,indieheads
Genres,gamemusic
Genres,outrun
Genres,vaporwave
Electronic,dubstep
Electronic,electronicmusic
Electronic,edmproduction
Electronic,EDM
Hip Hop,hiphopheads
Hip Hop,hiphopimages
Metal,Metal
Metal,Metalcore
Pop,spop
Pop,kpop
Pop,funkopop
Pop,popheads
Instruments,guitar
Instruments,piano
Instruments,bass
Instruments,drums
Sports,sports
Sports,running
Sports,bicycling
Sports,golf
Sports,fishing
Sports,skiing
Sports,sportsarefun
Sports,tennis
Sports,rugbyunion
Sports,discgolf
Sports,cricket
Sports,sailing
American Football,nfl
American Football,CFB
American Football,fantasyfootball
American Football,nflstreams
American Football Teams,patriots
American Football Teams,eagles
American Football Teams,greenbaypackers
American Football Teams,minnesotavikings
Baseball,baseball
Baseball,mlb
Baseball,fantasybaseball
Basketball,nba
Basketball,collegebasketball
Basketball,nbastreams
Teams,warriors
Teams,lakers
Teams,bostonceltics
Teams,torontoraptors
Boards,skateboarding
Boards,snowboarding
Boards,longboarding
Cars,formula1
Cars,Nascar
Fighting,MMA
Fighting,squaredcircle
Fighting,theocho
Fighting,ufc
Fighting,boxing
Fighting,wwe
Fighting,MMAStreams
Hockey,hockey
Hockey,nhl
Hockey,nhlstreams
Hockey,leafs
Olympics,olympics
Olympics,apocalympics2016
Soccer,soccer
Soccer,worldcup
Soccer,Bundesliga
Soccer,futbol
Soccer,soccerstreams
Soccer,MLS
Soccer,fantasypl
Soccer Teams,gunners
Soccer Teams,reddevils
Soccer Teams,LiverpoolFC
Soccer Teams,chelseafc
TV,Television
TV,marvelstudios
TV,japanesegameshows
TV,shield
TV,cordcutters
TV,offlinetv
TV,tvdetails
Individual Shows,GameOfThrones
Individual Shows,BreakingBad
Individual Shows,thewalkingdead
Individual Shows,community
Individual Shows,arresteddevelopment
Individual Shows,topgear
Individual Shows,StarTrek
Individual Shows,HIMYM
Individual Shows,firefly
Individual Shows,PandR
Individual Shows,Sherlock
Individual Shows,DunderMifflin
Individual Shows,BetterCallSaul
Individual Shows,TrueDetective
Individual Shows,houseofcards
Individual Shows,MakingaMurderer
Individual Shows,FlashTV
Individual Shows,trailerparkboys
Individual Shows,mrrobot
Individual Shows,siliconvalleyhbo
Individual Shows,strangerthings
Individual Shows,supernatural
Individual Shows,thegrandtour
Individual Shows,AmericanHorrorStory
Individual Shows,rupaulsdragrace
Individual Shows,westworld
Individual Shows,blackmirror
Individual Shows,FilthyFrank
Individual Shows,orangeisthenewblack
Individual Shows,twinpeaks
Individual Shows,bigbrother
Individual Shows,brooklynninenine
Individual Shows,scrubs
Individual Shows,howyoudoin
Individual Shows,30rock
Individual Shows,lifeisstrange
Individual Shows,survivor
Individual Shows,riverdale
Animated,Pokemon
Animated,AdventureTime
Animated,futurama
Animated,TheLastAirbender
Animated,ArcherFX
Animated,southpark
Animated,TheSimpsons
Animated,mylittlepony
Animated,rickandmorty
Animated,naruto
Animated,stevenuniverse
Animated,onepunchman
Animated,BobsBurgers
Animated,BoJackHorseman
Animated,gravityfalls
Animated,familyguy
Animated,kingofthehill
Animated,spongebob
Doctor Who,doctorwho
Doctor Who,gallifrey
It's Always Sunny in Philadelphia,IASIP
It's Always Sunny in Philadelphia,the_dennis
Seinfeld,seinfeld
Seinfeld,redditwritesseinfeld
Seinfeld,seinfeldgifs
Netflix Related,NetflixBestOf
Netflix Related,Netflix
Netflix Related,bestofnetflix
General,DIY
General,cosplay
General,woodworking
General,somethingimade
General,architecture
General,CoolGuides
General,WorldBuilding
General,ifyoulikeblank
General,DiWHY
General,knitting
General,sewing
General,modelmakers
General,crochet
General,ProtectAndServe
General,RTLSDR
General,digitalnomad
General,FastWorkers
General,accounting
General,preppers
General,redneckengineering
General,crossstitch
General,dumpsterdiving
General,gunpla
General,urbanplanning
General,cubers
General,blacksmith
Aquariums,aquariums
Aquariums,plantedtank
Arts/Writing,art
Arts/Writing,Drawing
Arts/Writing,crafts
Arts/Writing,alternativeart
Arts/Writing,sketchdaily
Arts/Writing,artporn
Arts/Writing,glitch_art
Arts/Writing,coloringcorruptions
Arts/Writing,restofthefuckingowl
Arts/Writing,DisneyVacation
Arts/Writing,illustration
Writing,Writing
Writing,writingprompts
Writing,screenwriting
Writing,fountainpens
Writing,calligraphy
Writing,handwriting
Writing,twosentencehorror
Automotive,cars
Automotive,motorcycles
Automotive,carporn
Automotive,justrolledintotheshop
Automotive,Shitty_Car_Mods
Automotive,autos
Automotive,roadcam
Automotive,AutoDetailing
Automotive,awesomecarmods
Automotive,projectcar
Automotive,cartalk
Automotive,tiresaretheenemy
Car companies,subaru
Car companies,teslamotors
Car companies,bmw
Car companies,jeep
Design,CrappyDesign
Design,web_design
Design,graphic_design
Design,design
Design,designporn
Design,InteriorDesign
Design,ATBGE
Design,dontdeadopeninside
Design,assholedesign
Design,keming
Design,logodesign
Design,tombstoning
Fake it til you make it,actlikeyoubelong
Fake it til you make it,irlsmurfing
Combat,MilitaryPorn
Combat,military
Combat,combatfootage
Combat,militarygfys
Combat,army
Combat,warshipporn
Guns,guns
Guns,gunporn
Guns,gundeals
Guns,ar15
Guns,firearms
Guns,ccw
Guns,airsoft
Job finding,Jobs
Job finding,forhire
Job finding,cscareerquestions
Job finding,workonline
Music,guitar
Music,WeAreTheMusicMakers
Music,edmproduction
Music,piano
Music,ableton
Music,drums
Music,FL_Studio
Outdoors,gardening
Outdoors,urbanexploration
Outdoors,survival
Outdoors,backpacking
Outdoors,camping
Outdoors,homestead
Outdoors,MTB
Outdoors,outdoors
Outdoors,wildernessbackpacking
Outdoors,campinggear
Hiking,campingandhiking
Hiking,hiking
Hiking,ultralight
Photography/Film,photography
Photography/Film,itookapicture
Photography/Film,Filmmakers
Photography/Film,astrophotography
Photography/Film,analog
Photography/Film,photocritique
Planes,aviation
Planes,flying
Tech Related,sysadmin
Tech Related,engineering
Tech Related,compsci
Tech Related,webdev
Tech Related,programmerhumor
Tech Related,graphic_design
Tech Related,mechanicalkeyboards
Tech Related,reverseengineering
Tech Related,itsaunixsystem
Tech Related,plex
Tech Related,multicopter
Tech Related,programminghorror
Coding,dailyprogrammer
Coding,coding
Coding,python
Coding,java
Coding,cpp
PC Building,buildapc
PC Building,buildapcsales
PC Building,buildapcforme
Tech Support,talesfromtechsupport
Tech Support,techsupportgore
Tech Support,techsupport
Tech Support,softwaregore
Tech Support,iiiiiiitttttttttttt
Tools,watches
Tools,lockpicking
Tools,knives
Tools,specializedtools
Tools,knifeclub
Travel,travel
Travel,solotravel
Travel,japantravel
General,LifeProTips
General,lifehacks
General,geek
General,EDC
General,simpleliving
General,tinyhouses
General,rainmeter
General,vandwellers
General,UnethicalLifeProTips
Gender,malelifestyle
Gender,malelivingspace
Gender,TheGirlSurvivalGuide
Home,homeimprovement
Home,homelab
Home,homeautomation
Home,battlestations
Home,hometheater
Communities,teenagers
Communities,introvert
Communities,ADHD
Communities,totallynotrobots
Communities,polyamory
Communities,teachers
Communities,aliensamongus
Communities,neverbrokeabone
Communities,bipolar
Body/Diet,beards
Body/Diet,vegan
Body/Diet,swoleacceptance
Body/Diet,tall
LGBT,lgbt
LGBT,gaybros
LGBT,actuallesbians
LGBT,gaymers
LGBT,bisexual
LGBT,askgaybros
LGBT,ainbow
LGBT,gay
LGBT,gay_irl
Transgender,asktransgender
Transgender,transgender
Parenting,parenting
Parenting,daddit
Parenting,babybumps
Alcohol,drunk
Alcohol,scotch
Alcohol,stopdrinking
Alcohol,cocktails
Alcohol,wine
Alcohol,bourbon
Alcohol,whiskey
Beer,beer
Beer,homebrewing
Beer,showerbeer
Beer,beerporn
Marijuana,trees
Marijuana,marijuana
Marijuana,microgrowery
Marijuana,eldertrees
Marijuana,see
Marijuana,leaves
Marijuana,weed
Marijuana,weedstocks
Marijuana,cannabis
Other drugs,drugs
Other drugs,electronic_cigarette
Other drugs,stonerengineering
Other drugs,Nootropics
Other drugs,LSD
Other drugs,vaporents
Other drugs,Vaping
Other drugs,stopsmoking
Other drugs,shrooms
Other drugs,dmt
Exercise/Health,GetMotivated
Exercise/Health,health
Exercise/Health,ZenHabits
Exercise/Health,Medicine
Mental,LucidDreaming
Mental,meditation
Mental,Psychonaut
Mental,mentalhealth
Physical,Fitness
Physical,Fitness
Physical,xxfitness
Diet,fitmeals
Diet,paleo
Diet,nutrition
Diet,vegetarian
Diet,leangains
Diet,HealthyFood
Diet,intermittentfasting
Diet,fasting
Exercise,bicycling
Exercise,yoga
Exercise,skateboarding
Exercise,climbing
Exercise,backpacking
Exercise,bjj
Exercise,skiing
Exercise,crossfit
Weight/Body Shape Control,loseit
Weight/Body Shape Control,bodyweightfitness
Weight/Body Shape Control,gainit
Weight/Body Shape Control,swoleacceptance
Weight/Body Shape Control,flexibility
Body Image,makeupaddiction
Body Image,SkincareAddiction
Body Image,beards
Body Image,wicked_edge
Body Image,RedditLaqueristas
Body Image,AsianBeauty
Body Image,piercing
Hair,FancyFollicles
Hair,malehairadvice
Hair,curlyhair
Tattoos,tattoos
Tattoos,badtattoos
Tattoos,tattoo
Fashion,malefashionadvice
Fashion,frugalmalefashion
Fashion,femalefashionadvice
Fashion,thriftstorehauls
Fashion,fashion
Fashion,streetwear
Fashion,malefashion
Fashion,supremeclothing
Fashion,FashionReps
Shoes,sneakers
Shoes,repsneakers
Shoes,goodyearwelt
Food,food
Food,FoodPorn
Food,foodhacks
Food,shittyfoodporn
Food,eatsandwiches
Food,nutrition
Food,mealtimevideos
Food,WeWantPlates
Food,forbiddensnacks
Food,seriouseats
Cooking,cooking
Cooking,slowcooking
Cooking,askculinary
Cooking,baking
Cooking,mealprepsunday
Cooking,breadit
Cooking,cookingforbeginners
Cooking,smoking
Cooking,castiron
Cooking,instantpot
Diets,EatCheapAndHealthy
Diets,fitmeals
Diets,budgetfood
Diets,ketorecipes
Diets,vegan
Diets,1200isplenty
Diets,Cheap_Meals
Diets,HealthyFood
Diets,veganrecipes
Diets,intermittentfasting
Diets,fasting
Drinks (non-alcoholic),coffee
Drinks (non-alcoholic),tea
Recipes,recipes
Recipes,gifrecipes
Recipes,veganrecipes
Specific food,pizza
Specific food,grilledcheese
Specific food,ramen
Specific food,bbq
Specific food,sushi
Money,PersonalFinance
Money,Entrepreneur
Money,beermoney
Money,startups
Money,finance
Money,economy
Money,financialindependence
Money,apphookup
Money,churning
Money,realestate
Money,flipping
Money,antimlm
Money,ripple
Money,Iota
Money,stellar
Betting/Investing/Stocks,investing
Betting/Investing/Stocks,wallstreetbets
Betting/Investing/Stocks,millionairemakers
Betting/Investing/Stocks,weedstocks
Budget,frugal
Budget,EatCheapAndHealthy
Budget,frugalmalefashion
Budget,budgetfood
Budget,cheap_meals
Budget,Frugal_Jerk
Budget,povertyfinance
Consumerism,shutupandtakemymoney
Consumerism,BuyItForLife
Consumerism,crappyoffbrands
Consumerism,shouldibuythisgame
Consumerism,Anticonsumption
Consumerism,sbubby
Consumerism,Wellworn
CryptoCurrency,Bitcoin
CryptoCurrency,dogecoin
CryptoCurrency,CryptoCurrency
CryptoCurrency,ethereum
CryptoCurrency,ethtrade
CryptoCurrency,litecoin
CryptoCurrency,btc
CryptoCurrency,garlicoin
CryptoCurrency,cardano
CryptoCurrency,Vechain
Religion/Beliefs,Psychonaut
Religion/Beliefs,Buddhism
Religion/Beliefs,Stoicism
Religion/Beliefs,occult
Atheism,atheism
Atheism,trueatheism
Christianity,Christianity
Christianity,dankchristianmemes
Christianity,exmormon
Christianity,Catholicism
Philosophy,philosophy
Philosophy,askphilosophy
Relationships/Sex,socialskills
Relationships/Sex,socialengineering
Relationships/Sex,weddingplanning
Family,Parenting
Family,childfree
Family,raisedbynarcissists
Family,incest
Family,daddit
Family,justnomil
Family,justnofamily
Relationships,relationships
Relationships,relationship_advice
Relationships,dating_advice
Online Relationships,Tinder
Online Relationships,OKCupid
Online Relationships,r4r
Online Relationships,dirtyr4r
Online Relationships,longdistance
Sex,sex
Sex,seduction
Sex,nofap
Sex,deadbedrooms
Sex,polyamory
Self-Improvement,GetMotivated
Self-Improvement,QuotesPorn
Self-Improvement,getdisciplined
Self-Improvement,happy
Self-Improvement,productivity
Self-Improvement,DecidingToBeBetter
Self-Improvement,mademesmile
Self-Improvement,selfimprovement
Self-Improvement,iwantout
Self-Improvement,humansbeingbros
Self-Improvement,happycrowds
Self-Improvement,sportsarefun
Self-Improvement,GetStudying
Technology,technology
Technology,technology
Technology,internetisbeautiful
Technology,futurology
Technology,pcmasterrace
Technology,buildapc
Technology,talesfromtechsupport
Technology,netsec
Technology,gamedev
Technology,design
Technology,engineering
Technology,jailbreak
Technology,compsci
Technology,tech
Technology,hacking
Technology,imaginarytechnology
Technology,privacy
Technology,torrents
Technology,networking
Technology,infographics
Technology,piracy
Technology,EngineeringPorn
Technology,cableporn
Technology,simulated
Technology,onions
Technology,unixporn
Technology,crackwatch
Technology,php
Technology,aboringdystopia
Technology,virtualreality
Technology,opensource
3D Printing,3Dprinting
3D Printing,functionalprint
Business Tech,nintendo
Business Tech,spacex
Business Tech,nasa
Business Tech,amd
Business Tech,nvidia
Business Tech,photoshop
Business Tech,firefox
Android products,Android
Android products,AndroidApps
Android products,AndroidGaming
Android products,AndroidDev
Android products,AndroidThemes
Android products,oneplus
Apple Products,apple
Apple Products,iphone
Apple Products,mac
Apple Products,ipad
Apple Products,applewatch
Gadgets,gadgets
Gadgets,raspberry_pi
Gadgets,electronics
Gadgets,arduino
Gadgets,trackers
Gadgets,gopro
Gadgets,blender
Gadgets,amazonecho
Gadgets,RetroPie
Hardware,hardware
Hardware,hardwareswap
Kodi,Addons4Kodi
Kodi,kodi
Google Products,google
Google Products,chromecast
Google Products,googlepixel
Google Products,googlehome
Linux,linux
Linux,linux_gaming
Linux,linux4noobs
Linux,linuxmasterrace
Linux,archlinux
Microsoft Products,Windows10
Microsoft Products,windows
Microsoft Products,excel
Microsoft Products,surface
Microsoft Products,microsoft
Data,dataisbeautiful
Data,DataHoarder
Digital Currency,Bitcoin
Digital Currency,dogecoin
Digital Currency,CryptoCurrency
Digital Currency,ethereum
Digital Currency,ethtrader
Digital Currency,btc
Digital Currency,litecoin
Digital Currency,bitcoinmarkets
Digital Currency,cryptomarkets
Digital Currency,monero
Digital Currency,neo
Programming,programming
Programming,learnprogramming
Programming,python
Programming,java
Programming,javascript
Programming,learnpython
Programming,excel
Programming,unity3d
Sound,audiophile
Sound,headphones
Sound,audioengineering
General Humor,funny
General Humor,humor
General Humor,contagiouslaughter
General Humor,standupcomedy
General Humor,ProgrammerHumor
General Humor,prematurecelebration
General Humor,ChildrenFallingOver
General Humor,dadreflexes
General Humor,kenm
General Humor,politicalhumor
General Humor,accidentalcomedy
General Humor,ComedyCemetery
General Humor,funnyandsad
General Humor,kidsarefuckingstupid
General Humor,notkenm
General Humor,comedyheaven
General Humor,comedynecromancy
General Humor,comedyhomicide
Jokes,Jokes
Jokes,dadjokes
Jokes,standupshots
Jokes,punny
Jokes,antijokes
Jokes,meanjokes
Jokes,3amjokes
Jokes,puns
Jokes,WordAvalanches
Jokes,darkjokes
Memes/Rage comics,Demotivational
Memes/Rage comics,lolcats
Memes/Rage comics,supershibe
Memes/Rage comics,copypasta
Memes/Rage comics,emojipasta
Memes and Rage Comics,TrollXChromosomes
Memes and Rage Comics,trollychromosome
Memes and Rage Comics,starterpacks
Memes,AdviceAnimals
Memes,memes
Memes,trippinthroughtime
Memes,BikiniBottomTwitter
Memes,dankmemes
Memes,madlads
Memes,bidenbro
Memes,memeeconomy
Memes,rarepuppers
Memes,wholesomememes
Memes,dankchristianmemes
Memes,terriblefacebookmemes
Memes,prequelmemes
Memes,dank_meme
Memes,trebuchetmemes
Memes,deepfriedmemes
Memes,Overwatch_Memes
Memes,see
Memes,SequelMemes
Memes,surrealmemes
Memes,bonehurtingjuice
Memes,bossfight
Memes,historymemes
Memes,animemes
Memes,suddenlygay
Memes,absoluteunits
Memes,delightfullychubby
Memes,Memes_Of_The_Dank
Memes,smoobypost
Memes,lotrmemes
Memes,ilikthebred
Memes,meme
Memes,garlicbreadmemes
Memes,offensivememes
Memes,gocommitdie
Memes,wholesomegreentext
Memes,raimememes
Memes,otmemes
Memes,kappa
Memes,equelmemes
Memes,namflashbacks
____irl,me_irl
____irl,meirl
____irl,anime_irl
____irl,2meirl4meirl
____irl,meow_irl
____irl,woof_irl
____irl,TooMeIrlForMeIrl
____irl,absolutelynotme_irl
____irl,absolutelynotmeirl
Rage Comics,fffffffuuuuuuuuuuuu
Rage Comics,iiiiiiitttttttttttt
Animals,AnimalReddits
Animals,AnimalsBeingJerks
Animals,AnimalsBeingBros
Animals,AnimalPorn
Animals,AnimalsBeingDerps
Animals,likeus
Animals,stoppedworking
Animals,hitmanimals
Animals,animaltextgifs
Animals,BeforeNAfterAdoption
Animals,sneks
Animals,TsundereSharks
Animals,whatsthisbug
Animals,HybridAnimals
Animals,zoomies
Animals,brushybrushy
Animals,bigboye
Animals,curledfeetsies
Animals,mlem
Animals,Floof
Animals,shittyanimalfacts
Animals,animalsthatlovemagic
Animals,spiderbro
Animals,properanimalnames
Birds,birdswitharms
Birds,superbowl
Birds,birbs
Birds,partyparrot
Birds,birdsbeingdicks
Birds,emuwarflashbacks
Mammals,babyelephantgifs
Mammals,sloths
Mammals,foxes
Mammals,trashpandas
Mammals,happycowgifs
Mammals,rabbits
Mammals,goatparkour
Cats,cats
Cats,CatSubs
Cats,startledcats
Cats,catpictures
Cats,catsstandingup
Cats,catpranks
Cats,meow_irl
Cats,holdmycatnip
Cats,catslaps
Cats,thecatdimension
Cats,babybigcatgifs
Cats,catloaf
Cats,thisismylifemeow
Cats,cattaps
Cats,teefies
Cats,tuckedinkitties
Cats,catsareassholes
Cats,catsisuottatfo
Cats,stuffoncats
Cats,bigcatgifs
Cats,jellybeantoes
Cats,catsareliquid
Cats,catgifs
Cats,blackcats
Cats,supermodelcats
Dogs,dogs
Dogs,dogpictures
Dogs,dogtraining
Dogs,woof_irl
Dogs,WhatsWrongWithYourDog
Dogs,dogberg
Dogs,dogswithjobs
Dogs,masterreturns
Dogs,barkour
Dogs,blop
Dogs,puppysmiles
Dogs,puppies
Dogs,petthedamndog
Conspiracy,conspiracy
Conspiracy,skeptic
Conspiracy,karmaconspiracy
Conspiracy,UFOs
Conspiracy,conspiratard
Conspiracy,empiredidnothingwrong
Conspiracy,scp
Cringe,cringepics
Cringe,cringe
Cringe,instant_regret
Cringe,blunderyears
Cringe,facepalm
Cringe,fatlogic
Cringe,publicfreakout
Cringe,lewronggeneration
Cringe,fellowkids
Cringe,sadcringe
Cringe,corporatefacepalm
Cringe,4PanelCringe
Cringe,amibeingdetained
Cringe,instantbarbarians
Cringe,watchpeopledieinside
Cringe,technicallythetruth
Cringe,accidentalracism
Cringe,engrish
Cringe,wokekids
Cringe,masterhacker
Called out,facepalm
Called out,quityourbullshit
Called out,thathappened
Called out,delusionalartists
Called out,oopsdidntmeanto
Called out,beholdthemasterrace
Called out,murderedbywords
Called out,ihavesex
Called out,woooosh
Called out,badfaketexts
Called out,boneappletea
Called out,atetheonion
Called out,iamatotalpieceofshit
Called out,suicidebywords
Called out,wowthanksimcured
Called out,topmindsofreddit
Called out,lostredditors
Called out,dontyouknowwhoiam
Called out,NobodyAsked
Called out,dontfundme
Called out,nothingeverhappens
Called out,vaxxhappened
Called out,goodfaketexts
Called out,delusionalcraigslist
Called out,suspiciousquotes
Called out,facingtheirparenting
Called out,ihadastroke
Called out,untrustworthypoptarts
Called out,phonesarebad
"Neckbeard",niceguys
"Neckbeard",iamverysmart
"Neckbeard",justneckbeardthings
"Neckbeard",iamverybadass
"Neckbeard",mallninjashit
"Neckbeard",ChoosingBeggars
"Neckbeard",gatekeeping
"Neckbeard",nicegirls
"Neckbeard",creepyasterisks
"Neckbeard",inceltears
"Neckbeard",humblebrag
"Neckbeard",nothowdrugswork
"Neckbeard",neckbeardnests
"Neckbeard",whiteknighting
"Neckbeard",neckbeardrpg
Cute,aww
Cute,cats
Cute,animalsbeingjerks
Cute,animalsbeingbros
Cute,Awwducational
Cute,dogs
Cute,corgi
Cute,thisismylifenow
Cute,blep
Cute,eyebeach
Cute,tippytaps
Cute,awww
Cute,babycorgis
Disgusting/Angering/Scary/Weird,WTF
Disgusting/Angering/Scary/Weird,DeepIntoYouTube
Disgusting/Angering/Scary/Weird,fifthworldproblems
Disgusting/Angering/Scary/Weird,awwwtf
Disgusting/Angering/Scary/Weird,wellthatsucks
Disgusting/Angering/Scary/Weird,streetfights
Disgusting/Angering/Scary/Weird,yesyesyesyesno
Disgusting/Angering/Scary/Weird,wtfstockphotos
Disgusting/Angering/Scary/Weird,yesyesyesno
Disgusting/Angering/Scary/Weird,maybemaybemaybe
Disgusting/Angering/Scary/Weird,oddlyterrifying
Disgusting/Angering/Scary/Weird,thatlookedexpensive
Disgusting/Angering/Scary/Weird,wtfgaragesale
Disgusting/Angering/Scary/Weird,Whatthefuckgetitoffme
Angering,mildlyinfuriating
Angering,crappydesign
Angering,rage
Angering,Bad_Cop_No_Donut
Angering,gifsthatendtoosoon
Angering,peoplebeingjerks
Angering,casualchildabuse
Angering,fuckthesepeople
Edgy,imgoingtohellforthis
Edgy,toosoon
Judgy,trashy
Judgy,awfuleyebrows
Judgy,awfuleverything
Judgy,13or30
Judgy,ghettoglamourshots
Judgy,peopleofwalmart
Judgy,hittablefaces
Judgy,punchablefaces
Scary (potentially NSFL),nosleep
Scary (potentially NSFL),morbidreality
Scary (potentially NSFL),whatcouldgowrong
Scary (potentially NSFL),Glitch_in_the_Matrix
Scary (potentially NSFL),Paranormal
Scary (potentially NSFL),nononono
Scary (potentially NSFL),horror
Scary (potentially NSFL),shortscarystories
Scary (potentially NSFL),lastimages
Scary (potentially NSFL),peoplefuckingdying
Scary (potentially NSFL),serialkillers
Scary (potentially NSFL),WhyWereTheyFilming
Scary (potentially NSFL),WinStupidPrizes
Creepy,creepy
Creepy,creepypasta
Creepy,creepysigns
Creepy,megalophobia
Imaginary,ImaginaryMonsters
Imaginary,ImaginaryLeviathans
Imaginary,ImaginaryMindscapes
Imaginary,imaginarycharacters
Imaginary,imaginarylandscapes
Imaginary,imaginarymaps
Imaginary,SympatheticMonsters
Water is scary,thalassophobia
Water is scary,TheDepthsBelow
Water is scary,submechanophobia
Free Stuff,freebies
Free Stuff,fullmoviesonyoutube
Free Stuff,efreebies
Free Stuff,randomactsofgaming
Free Stuff,freeEbooks
Free Stuff,fullmoviesonvimeo
Free Stuff,freegamesonsteam
Free Stuff,googleplaydeals
Free Stuff,megalinks
Free Stuff,opendirectories
Free Stuff,Random_Acts_Of_Pizza
Free Stuff,coupons
Free Stuff,dealsreddit
Free Stuff,freegamefindings
For Men,MaleFashionAdvice
For Men,everymanshouldknow
For Men,askmen
For Men,frugalmalefashion
For Men,MensRights
For Men,malelifestyle
For Men,trollychromosome
For Men,malelivingspace
For Men,malehairadvice
For Men,malefashion
For Men,bigdickproblems
For Men,mgtow
For Women,TwoXChromosomes
For Women,askwomen
For Women,LadyBoners
For Women,TrollXChromosomes
For Women,femalefashionadvice
For Women,xxfitness
For Women,TheGirlSurvivalGuide
For Women,abrathatfits
For Women,badwomensanatomy
Geography,LocationReddits
Geography,MapPorn
Geography,polandball
Geography,vexillology
Africa,SouthAfrica
Europe,europe
Europe,ireland
Europe,thenetherlands
Europe,denmark
Europe,italy
Europe,norge
Europe,polska
Europe,suomi
Europe,romania
Europe,belgium
Europe,scotland
Europe,austria
France,france
France,french
Germany,de
Germany,germany
Germany,german
Russia,ANormalDayInRussia
Russia,youseecomrade
Sweden,sweden
Sweden,SWARJE
Sweden,swedishproblems
Sweden,intresseklubben
Sweden,svenskpolitik
Sweden,spop
Sweden,Allsvenskan
United Kingdom,unitedkingdom
United Kingdom,britishproblems
United Kingdom,london
United Kingdom,ukpolitics
United Kingdom,casualuk
Canada,canada
Canada,toronto
Canada,vancouver
Canada,canadapolitics
Canada,calgary
Mexico,mexico
USA: United States of America,MURICA
USA: United States of America,nyc
USA: United States of America,chicago
USA: United States of America,portland
USA: United States of America,boston
USA: United States of America,atlanta
USA: United States of America,washingtondc
USA: United States of America,philadelphia
USA: United States of America,newjersey
USA: United States of America,minnesota
USA: United States of America,michigan
Oceania,australia
Oceania,newzealand
Oceania,melbourne
Oceania,sydney
Asia,Philippines
Asia,india
Asia,singapore
Asia,china
Asia,hongkong
Japan,japan
Japan,japanpics
Japan,japantravel
Korea,kpop
Korea,pyongyang
Korea,korea
South America,brasil
South America,argentina
Meta,OutOfTheLoop
Meta,nocontext
Meta,tldr
Meta,modnews
Meta,Enhancement
Meta,SecretSanta
Meta,MuseumOfReddit
Meta,theoryofreddit
Meta,threadkillers
Meta,evenwithcontext
Meta,beetlejuicing
Meta,againsthatesubreddits
Meta,redditinreddit
Administrative,announcements
Administrative,blog
Administrative,beta
Apps,baconreader
Apps,alienblue
Apps,baconit
Apps,redditsync
Apps,relayforreddit
Apps,apolloapp
Apps,redditmobile
Circlejerks,Circlejerk
Circlejerks,DiWHY
Circlejerks,frugal_jerk
Drama,SubredditDrama
Drama,drama
Drama,hobbydrama
Negative,ShitRedditSays
Negative,karmaconspiracy
Negative,undelete
Negative,jesuschristreddit
Negative,karmacourt
Negative,titlegore
Negative,ShitAmericansSay
Positive,bestof
Positive,DepthHub
Positive,BestOfReports
Positive,bestoflegaladvice
Subreddits,subredditoftheday
Subreddits,wowthissubexists
Subreddits,newreddits
Subreddits,ofcoursethatsathing
Subreddits,findareddit
Subreddit Simulator,subredditsimulator
Subreddit Simulator,subredditsimmeta
General,TrueReddit
General,awesome
Looking for something,TipOfMyTongue
Looking for something,TipOfMyPenis
Mind blowing,woahdude
Mind blowing,frisson
Mind blowing,asmr
Mind blowing,VaporwaveAesthetics
Mind blowing,glitchinthematrix
Nature,earthporn
Nature,hardcoreaww
Nature,hitmanimals
Nature,natureisfuckinglit
Nature,heavyseas
Plants/Fungi,marijuanaenthusiasts
Plants/Fungi,succulents
Plants/Fungi,mycology
Plants/Fungi,bonsai
Plants/Fungi,TreesSuckingOnThings
Violent Nature,natureismetal
Violent Nature,Natureisbrutal
Violent Nature,naturewasmetal
Weather,weathergifs
Weather,tropicalweather
News,worldnews
News,news
News,nottheonion
News,UpliftingNews
News,offbeat
News,gamernews
News,floridaman
News,energy
News,syriancivilwar
News,truecrime
Fake News,TheOnion
Fake News,AteTheOnion
Politics,Politics
Politics,Politics
Politics,worldpolitics
Politics,Libertarian
Politics,anarchism
Politics,socialism
Politics,conservative
Politics,politicalhumor
Politics,neutralpolitics
Politics,politicaldiscussion
Politics,ukpolitics
Politics,geopolitics
Politics,communism
Politics,completeanarchy
Alt-Right,the_donald
Alt-Right,HillaryForPrison
Alt-Right,wikileaks
Capitalism,latestagecapitalism
Capitalism,anarcho_capitalism
Gender Politics,MensRights
Gender Politics,feminism
Left,SandersForPresident
Left,bidenbro
Left,political_revolution
Left,thanksobama
Left,esist
Left,The_Mueller
Left,bluemidterm2018
Left,fuckthealtright
Left,democrats
Left,liberal
Left,keep_track
Nostalgia/Time,OldSchoolCool
Nostalgia/Time,TheWayWeWere
Nostalgia/Time,nostalgia
Nostalgia/Time,vinyl
Nostalgia/Time,forwardsfromgrandma
Nostalgia/Time,oldphotosinreallife
Parodies,firstworldanarchists
Parodies,wheredidthesodago
Parodies,unexpectedthuglife
Parodies,youdontsurf
Parodies,montageparodies
Parodies,outside
Parodies,OSHA
Parodies,hailcorporate
Parodies,im14andthisisdeep
Parodies,bollywoodrealism
Parodies,AccidentalRenaissance
Parodies,maliciouscompliance
Parodies,fakehistoryporn
Parodies,coaxedintoasnafu
Parodies,irleastereggs
SFWPorn Network,sfwpornnetwork
SFWPorn Network,EarthPorn
SFWPorn Network,HistoryPorn
SFWPorn Network,FoodPorn
SFWPorn Network,JusticePorn
SFWPorn Network,AbandonedPorn
SFWPorn Network,SpacePorn
SFWPorn Network,RoomPorn
SFWPorn Network,QuotesPorn
SFWPorn Network,MapPorn
SFWPorn Network,CityPorn
SFWPorn Network,carporn
SFWPorn Network,humanporn
SFWPorn Network,penmanshipporn
SFWPorn Network,militaryporn
SFWPorn Network,DesignPorn
SFWPorn Network,ThingsCutInHalfPorn
SFWPorn Network,ArchitecturePorn
SFWPorn Network,ExposurePorn
SFWPorn Network,futureporn
SFWPorn Network,adrenalineporn
SFWPorn Network,waterporn
SFWPorn Network,machineporn
SFWPorn Network,animalporn
SFWPorn Network,movieposterporn
SFWPorn Network,illusionporn
SFWPorn Network,destructionporn
SFWPorn Network,adporn
SFWPorn Network,artefactporn
SFWPorn Network,gunporn
SFWPorn Network,skyporn
SFWPorn Network,powerwashingporn
SFWPorn Network,ArtPorn
SFWPorn Network,InfrastructurePorn
SFWPorn Network,VillagePorn
SFWPorn Network,shockwaveporn
SFWPorn Network,productporn
SFWPorn Network,macroporn
SFWPorn Network,cabinporn
SFWPorn Network,houseporn
SFWPorn Network,mineralporn
SFWPorn Network,microporn
Shitty,shittyaskscience
Shitty,shittyfoodporn
Shitty,shittyreactiongifs
Shitty,crappydesign
Shitty,Shitty_Car_Mods
Shitty,shittyadvice
Shitty,shittyrobots
Shitty,ShittyLifeProTips
Shitty,shittykickstarters
Shitty,shittyanimalfacts
Shitty,shitpost
Shitty,shittymoviedetails
Unexpected,unexpected
Unexpected,UnexpectedThugLife
Unexpected,misleadingthumbnails
Unexpected,unexpectedjihad
Unexpected,slygifs
Unexpected,blackmagicfuckery
Unexpected,unexpectedhogwarts
Unexpected,UnexpectedMulaney
Visually Appealing,AbandonedPorn
Visually Appealing,OddlySatisfying
Visually Appealing,RoomPorn
Visually Appealing,nonononoyes
Visually Appealing,minimalism
Visually Appealing,CityPorn
Visually Appealing,penmanshipporn
Visually Appealing,Cinemagraphs
Visually Appealing,ImaginaryLandscapes
Visually Appealing,eyebleach
Visually Appealing,DesignPorn
Visually Appealing,perfectloops
Visually Appealing,perfectfit
Visually Appealing,humansbeingbros
Visually Appealing,powerwashingporn
Visually Appealing,nevertellmetheodds
Visually Appealing,typography
Visually Appealing,cozyplaces
Visually Appealing,breathinginformation
Visually Appealing,desirepath
Visually Appealing,tiltshift
Visually Appealing,mostbeautiful
Visually Appealing,AmateurRoomPorn
Visually Appealing,slygifs
Visually Appealing,raining
Visually Appealing,AccidentalWesAnderson
Visually Appealing,unstirredpaint
Visually Appealing,handwriting
Visually Appealing,thatpeelingfeeling
Hold My ____,holdmybeer
Hold My ____,holdmyjuicebox
Hold My ____,holdmyfries
Hold My ____,holdmybeaker
Hold My ____,holdmycosmo
Hold My ____,holdmycatnip
Hold My ____,holdmyredbull
Hold My ____,holdmyfeedingtube
Weird Feelings/Categorize Later,fiftyfifty
Weird Feelings/Categorize Later,firstworldproblems
Weird Feelings/Categorize Later,idiotsfightingthings
Weird Feelings/Categorize Later,whatsinthisthing
Weird Feelings/Categorize Later,AskReddit
Weird Feelings/Categorize Later,notinteresting
Weird Feelings/Categorize Later,fifthworldpics
Weird Feelings/Categorize Later,drunkorakid
Weird Feelings/Categorize Later,pussypassdenied
Weird Feelings/Categorize Later,UNBGBBIIVCHIDCTIICBG
Weird Feelings/Categorize Later,Justfuckmyshitup
Weird Feelings/Categorize Later,BestOfStreamingVideo
Weird Feelings/Categorize Later,CatastrophicFailure
Weird Feelings/Categorize Later,evilbuildings
Weird Feelings/Categorize Later,urbanhell
Weird Feelings/Categorize Later,justiceserved
Weird Feelings/Categorize Later,mypeopleneedme
Weird Feelings/Categorize Later,notmyjob
Weird Feelings/Categorize Later,onejob
Weird Feelings/Categorize Later,sweatypalms
Weird Feelings/Categorize Later,therewasanattempt
Weird Feelings/Categorize Later,bitchimabus
Weird Feelings/Categorize Later,greendawn
Weird Feelings/Categorize Later,thingsforants
Weird Feelings/Categorize Later,youseeingthisshit
Weird Feelings/Categorize Later,hmmm
Weird Feelings/Categorize Later,hadtohurt
Weird Feelings/Categorize Later,MandelaEffect
Weird Feelings/Categorize Later,mildlypenis
Weird Feelings/Categorize Later,redditdayof
Weird Feelings/Categorize Later,idiotsincars
Weird Feelings/Categorize Later,instantkarma
Weird Feelings/Categorize Later,2healthbars
Weird Feelings/Categorize Later,collapse
Weird Feelings/Categorize Later,slavs_squatting
Weird Feelings/Categorize Later,confusing_perspective
Weird Feelings/Categorize Later,the_pack
Weird Feelings/Categorize Later,unpopularopinion
Weird Feelings/Categorize Later,okbuddyretard
Weird Feelings/Categorize Later,nextfuckinglevel
Weird Feelings/Categorize Later,ooer
Weird Feelings/Categorize Later,happycryingdads
Weird Feelings/Categorize Later,dashcamgifs
Weird Feelings/Categorize Later,FullScorpion
Weird Feelings/Categorize Later,instantregret
Weird Feelings/Categorize Later,MildlyVandalised
Weird Feelings/Categorize Later,watchpeoplesurvive
Weird Feelings/Categorize Later,tendies
Weird Feelings/Categorize Later,dontputyourdickinthat
Weird Feelings/Categorize Later,whatintarnation
Weird Feelings/Categorize Later,tworedditorsonecup
Weird Feelings/Categorize Later,ExpandDong
Weird Feelings/Categorize Later,wackytictacs
Weird Feelings/Categorize Later,halloween
Weird Feelings/Categorize Later,whatcouldgoright
Weird Feelings/Categorize Later,hmmmgifs
Weird Feelings/Categorize Later,bizarrebuildings
Weird Feelings/Categorize Later,inclusiveor
Weird Feelings/Categorize Later,lostgeneration
Weird Feelings/Categorize Later,kurzgesagt
Weird Feelings/Categorize Later,boop
